# Recovery,Feed Flow,Stage1 RR,Stage2 RR,Stage3 RR,Stage1 Qin (m3/s),Stage2 Qin (m3/s),Stage3 Qin (m3/s),Stage1 Brine (m3/s),Stage2 Brine (m3/s),Stage3 Brine (m3/s),Stage1 Pin (Pa),Stage2 Pin (Pa),Stage3 Pin (Pa),Stage1 Pout (Pa),Stage2 Pout (Pa),Stage3 Pout (Pa),Total Power (W),Stage1 Power (W),Stage2 Power (W),Stage3 Power (W),Stage1 First Elem. Prod. (m3/s),Stage2 First Elem. Prod. (m3/s),Stage3 First Elem. Prod. (m3/s),Stage1 Perm. Conc. (kg/m3),Stage2 Perm. Conc. (kg/m3),Stage3 Perm. Conc. (kg/m3)
8.800000e-01,1.450000e-01,5.839279e-01,5.839279e-01,3.068222e-01,1.450000e-01,6.033047e-02,2.510187e-02,6.033047e-02,2.510187e-02,1.740008e-02,2.440744e+05,7.888760e+05,6.325741e+05,8.626499e+05,9.628330e+05,6.570158e+05,1.570969e+05,1.418657e+05,1.400423e+04,1.227061e+03,1.828442e-04,1.861573e-04,9.080377e-05,1.391783e-02,2.091097e-02,2.204861e-01
8.800000e-01,1.512222e-01,5.844850e-01,5.844850e-01,3.049622e-01,1.512222e-01,6.283512e-02,2.610898e-02,6.283512e-02,2.610898e-02,1.814675e-02,2.440744e+05,8.162474e+05,6.607105e+05,8.900213e+05,9.909694e+05,6.662238e+05,1.686141e+05,1.536270e+05,1.469921e+04,2.878957e+02,1.902522e-04,1.933741e-04,9.332732e-05,1.337931e-02,2.015657e-02,2.143733e-01
8.800000e-01,1.574444e-01,5.850838e-01,5.850838e-01,3.029546e-01,1.574444e-01,6.532627e-02,2.710497e-02,6.532627e-02,2.710497e-02,1.889343e-02,2.440744e+05,8.437176e+05,6.888193e+05,9.174915e+05,1.019078e+06,6.750313e+05,1.806089e+05,1.659429e+05,1.541343e+04,-7.474519e+02,1.976874e-04,2.005825e-04,9.572745e-05,1.288241e-02,1.946445e-02,2.088784e-01
8.800000e-01,1.636667e-01,5.857186e-01,5.857186e-01,3.008168e-01,1.636667e-01,6.780408e-02,2.809001e-02,6.780408e-02,2.809001e-02,1.964010e-02,2.440744e+05,8.712853e+05,7.168987e+05,9.450592e+05,1.047158e+06,6.834501e+05,1.930945e+05,1.788276e+05,1.614606e+04,-1.879142e+03,2.051495e-04,2.077821e-04,9.800780e-05,1.242249e-02,1.882722e-02,2.039268e-01
8.800000e-01,1.698889e-01,5.863848e-01,5.863848e-01,2.985626e-01,1.698889e-01,7.026864e-02,2.906423e-02,7.026864e-02,2.906423e-02,2.038677e-02,2.440744e+05,8.989498e+05,7.449466e+05,9.727237e+05,1.075206e+06,6.914900e+05,2.060842e+05,1.922955e+05,1.689608e+04,-3.107350e+03,2.126382e-04,2.149725e-04,1.001712e-04,1.199558e-02,1.823864e-02,1.994567e-01
8.800000e-01,1.761111e-01,5.870788e-01,5.870788e-01,2.962027e-01,1.761111e-01,7.272003e-02,3.002769e-02,7.272003e-02,3.002769e-02,2.113344e-02,2.440744e+05,9.267107e+05,7.729618e+05,1.000485e+06,1.103221e+06,6.991587e+05,2.195914e+05,2.063614e+05,1.766231e+04,-4.432272e+03,2.201534e-04,2.221535e-04,1.022200e-04,1.159825e-02,1.769344e-02,1.954166e-01
8.890000e-01,1.450000e-01,5.847730e-01,5.847730e-01,3.561977e-01,1.450000e-01,6.020793e-02,2.500000e-02,6.020793e-02,2.500000e-02,1.609509e-02,2.440744e+05,7.898492e+05,6.326984e+05,8.636231e+05,9.629572e+05,7.093406e+05,1.598617e+05,1.421216e+05,1.390794e+04,3.832111e+03,1.831058e-04,1.861288e-04,1.055135e-04,1.391427e-02,2.098942e-02,2.024069e-01
8.890000e-01,1.512222e-01,5.879038e-01,5.879038e-01,3.463782e-01,1.512222e-01,6.231812e-02,2.568110e-02,6.231812e-02,2.568110e-02,1.678576e-02,2.440744e+05,8.203436e+05,6.611407e+05,8.941175e+05,9.913995e+05,7.110520e+05,1.715708e+05,1.547312e+05,1.427613e+04,2.563559e+03,1.913537e-04,1.932372e-04,1.050391e-04,1.336607e-02,2.046640e-02,2.040924e-01
8.890000e-01,1.574444e-01,5.885257e-01,5.885257e-01,3.444010e-01,1.574444e-01,6.478436e-02,2.665715e-02,6.478436e-02,2.665715e-02,1.747643e-02,2.440744e+05,8.480000e+05,6.891853e+05,9.217739e+05,1.019444e+06,7.210253e+05,1.837721e+05,1.671234e+05,1.495113e+04,1.697527e+03,1.988394e-04,2.004259e-04,1.077880e-04,1.286986e-02,1.976628e-02,1.987098e-01
8.890000e-01,1.636667e-01,5.891811e-01,5.891811e-01,3.423074e-01,1.636667e-01,6.723737e-02,2.762243e-02,6.723737e-02,2.762243e-02,1.816710e-02,2.440744e+05,8.757530e+05,7.171980e+05,9.495269e+05,1.047457e+06,7.306173e+05,1.964699e+05,1.800857e+05,1.564286e+04,7.413503e+02,2.063516e-04,2.076052e-04,1.104185e-04,1.241061e-02,1.912156e-02,1.938335e-01
8.890000e-01,1.698889e-01,5.898662e-01,5.898662e-01,3.401084e-01,1.698889e-01,6.967720e-02,2.857702e-02,6.967720e-02,2.857702e-02,1.885778e-02,2.440744e+05,9.036023e+05,7.451772e+05,9.773762e+05,1.075436e+06,7.398364e+05,2.096777e+05,1.936327e+05,1.635023e+04,-3.052491e+02,2.138903e-04,2.147749e-04,1.129332e-04,1.198434e-02,1.852602e-02,1.894067e-01
8.890000e-01,1.761111e-01,5.905778e-01,5.905778e-01,3.378127e-01,1.761111e-01,7.210383e-02,2.952096e-02,7.210383e-02,2.952096e-02,1.954845e-02,2.440744e+05,9.315479e+05,7.731214e+05,1.005322e+06,1.103380e+06,7.486885e+05,2.234084e+05,2.077791e+05,1.707196e+04,-1.442570e+03,2.214556e-04,2.219347e-04,1.153337e-04,1.158762e-02,1.797433e-02,1.853825e-01
8.980000e-01,1.450000e-01,5.847730e-01,5.847730e-01,4.083977e-01,1.450000e-01,6.020793e-02,2.500000e-02,6.020793e-02,2.500000e-02,1.479010e-02,2.440744e+05,7.898492e+05,6.326984e+05,8.636231e+05,9.629572e+05,7.660497e+05,1.626971e+05,1.421216e+05,1.390794e+04,6.667565e+03,1.831058e-04,1.861288e-04,1.218491e-04,1.391427e-02,2.098942e-02,1.875822e-01
8.980000e-01,1.512222e-01,5.915971e-01,5.915971e-01,3.884622e-01,1.512222e-01,6.175962e-02,2.522286e-02,6.175962e-02,2.522286e-02,1.542477e-02,2.440744e+05,8.247728e+05,6.615830e+05,8.985467e+05,9.918418e+05,7.569760e+05,1.745637e+05,1.559287e+05,1.382286e+04,4.812172e+03,1.925449e-04,1.930786e-04,1.169379e-04,1.335280e-02,2.081143e-02,1.977088e-01
8.980000e-01,1.574444e-01,5.922312e-01,5.922312e-01,3.865585e-01,1.574444e-01,6.420094e-02,2.617919e-02,6.420094e-02,2.617919e-02,1.605944e-02,2.440744e+05,8.526148e+05,6.895538e+05,9.263887e+05,1.019813e+06,7.681323e+05,1.869713e+05,1.683994e+05,1.445763e+04,4.114241e+03,2.000808e-04,2.002457e-04,1.200420e-04,1.285736e-02,2.010130e-02,1.923527e-01
8.980000e-01,1.636667e-01,5.928981e-01,5.928981e-01,3.845470e-01,1.636667e-01,6.662902e-02,2.712485e-02,6.662902e-02,2.712485e-02,1.669411e-02,2.440744e+05,8.805534e+05,7.174910e+05,9.543273e+05,1.047750e+06,7.789112e+05,1.998811e+05,1.814417e+05,1.510738e+04,3.332029e+03,2.076433e-04,2.074030e-04,1.230280e-04,1.239883e-02,1.944738e-02,1.874836e-01
8.980000e-01,1.698889e-01,5.935942e-01,5.935942e-01,3.824369e-01,1.698889e-01,6.904385e-02,2.805987e-02,6.904385e-02,2.805987e-02,1.732879e-02,2.440744e+05,9.085889e+05,7.453929e+05,9.823628e+05,1.075652e+06,7.893195e+05,2.133064e+05,1.950703e+05,1.577091e+04,2.465154e+03,2.152324e-04,2.145502e-04,1.258977e-04,1.197325e-02,1.884339e-02,1.830480e-01
8.980000e-01,1.761111e-01,5.943168e-01,5.943168e-01,3.802351e-01,1.761111e-01,7.144534e-02,2.898423e-02,7.144534e-02,2.898423e-02,1.796346e-02,2.440744e+05,9.367218e+05,7.732579e+05,1.010496e+06,1.103517e+06,7.993619e+05,2.272602e+05,2.093001e+05,1.644683e+04,1.513207e+03,2.228484e-04,2.216870e-04,1.286525e-04,1.157718e-02,1.828393e-02,1.790008e-01
9.070000e-01,1.450000e-01,5.847730e-01,5.847730e-01,4.605977e-01,1.450000e-01,6.020793e-02,2.500000e-02,6.020793e-02,2.500000e-02,1.348511e-02,2.440744e+05,7.898492e+05,6.326984e+05,8.636231e+05,9.629572e+05,8.248443e+05,1.656369e+05,1.421216e+05,1.390794e+04,9.607298e+03,1.831058e-04,1.861288e-04,1.388493e-04,1.391427e-02,2.098942e-02,1.772966e-01
9.070000e-01,1.512222e-01,5.934053e-01,5.934053e-01,4.374508e-01,1.512222e-01,6.148618e-02,2.500000e-02,6.148618e-02,2.500000e-02,1.406378e-02,2.440744e+05,8.269431e+05,6.617915e+05,9.007170e+05,9.920504e+05,8.118965e+05,1.776245e+05,1.565168e+05,1.360243e+04,7.505250e+03,1.931286e-04,1.929971e-04,1.320834e-04,1.334669e-02,2.098440e-02,1.893829e-01
9.070000e-01,1.574444e-01,5.961648e-01,5.961648e-01,4.297363e-01,1.574444e-01,6.358163e-02,2.567655e-02,6.358163e-02,2.567655e-02,1.464245e-02,2.440744e+05,8.575187e+05,6.899184e+05,9.312926e+05,1.020177e+06,8.171607e+05,1.902328e+05,1.697597e+05,1.393879e+04,6.534286e+03,2.014000e-04,2.000419e-04,1.327010e-04,1.284522e-02,2.046883e-02,1.890675e-01
9.070000e-01,1.636667e-01,5.968349e-01,5.968349e-01,4.278392e-01,1.636667e-01,6.598471e-02,2.660279e-02,6.598471e-02,2.660279e-02,1.522113e-02,2.440744e+05,8.856428e+05,7.177715e+05,9.594167e+05,1.048030e+06,8.291413e+05,2.033554e+05,1.828841e+05,1.454581e+04,5.925498e+03,2.090127e-04,2.071754e-04,1.360484e-04,1.238746e-02,1.980403e-02,1.841427e-01
9.070000e-01,1.698889e-01,5.975348e-01,5.975348e-01,4.258474e-01,1.698889e-01,6.837439e-02,2.751836e-02,6.837439e-02,2.751836e-02,1.579980e-02,2.440744e+05,9.138650e+05,7.455878e+05,9.876389e+05,1.075847e+06,8.407516e+05,2.169987e+05,1.965965e+05,1.516470e+04,5.237508e+03,2.166525e-04,2.142984e-04,1.392783e-04,1.196260e-02,1.919011e-02,1.796463e-01
9.070000e-01,1.761111e-01,5.982622e-01,5.982622e-01,4.237662e-01,1.761111e-01,7.075050e-02,2.842320e-02,7.075050e-02,2.842320e-02,1.637847e-02,2.440744e+05,9.421865e+05,7.733657e+05,1.015960e+06,1.103625e+06,8.519949e+05,2.311758e+05,2.109121e+05,1.579393e+04,4.469787e+03,2.243195e-04,2.214103e-04,1.423914e-04,1.156721e-02,1.862162e-02,1.755343e-01
9.160000e-01,1.450000e-01,nan,nan,nan,nan,nan,nan,nan,nan,nan,nan,nan,nan,nan,nan,nan,nan,nan,nan,nan,nan,nan,nan,nan,nan,nan
9.160000e-01,1.512222e-01,5.934053e-01,5.934053e-01,4.918908e-01,1.512222e-01,6.148618e-02,2.500000e-02,6.148618e-02,2.500000e-02,1.270280e-02,2.440744e+05,8.269431e+05,6.617915e+05,9.007170e+05,9.920504e+05,8.758944e+05,1.808244e+05,1.565168e+05,1.360243e+04,1.070514e+04,1.931286e-04,1.929971e-04,1.505509e-04,1.334669e-02,2.098440e-02,1.805572e-01
9.160000e-01,1.574444e-01,6.003282e-01,6.003282e-01,4.741359e-01,1.574444e-01,6.292612e-02,2.514985e-02,6.292612e-02,2.514985e-02,1.322547e-02,2.440744e+05,8.627149e+05,6.902768e+05,9.364888e+05,1.020536e+06,8.689996e+05,1.935913e+05,1.712060e+05,1.339558e+04,8.989705e+03,2.027978e-04,1.998124e-04,1.459869e-04,1.283365e-02,2.087177e-02,1.885922e-01
9.160000e-01,1.636667e-01,6.009926e-01,6.009926e-01,4.723832e-01,1.636667e-01,6.530424e-02,2.605693e-02,6.530424e-02,2.605693e-02,1.374814e-02,2.440744e+05,8.910237e+05,7.180369e+05,9.647976e+05,1.048296e+06,8.821977e+05,2.069285e+05,1.844142e+05,1.395925e+04,8.555057e+03,2.104606e-04,2.069205e-04,1.497030e-04,1.237668e-02,2.019418e-02,1.835425e-01
9.160000e-01,1.698889e-01,6.016887e-01,6.016887e-01,4.705375e-01,1.698889e-01,6.766869e-02,2.695326e-02,6.766869e-02,2.695326e-02,1.427081e-02,2.440744e+05,9.194327e+05,7.457590e+05,9.932066e+05,1.076018e+06,8.950242e+05,2.207917e+05,1.982125e+05,1.453284e+04,8.046366e+03,2.181509e-04,2.140174e-04,1.532993e-04,1.195256e-02,1.956869e-02,1.789260e-01
9.160000e-01,1.761111e-01,6.024143e-01,6.024143e-01,4.686030e-01,1.761111e-01,7.001928e-02,2.783872e-02,7.001928e-02,2.783872e-02,1.479349e-02,2.440744e+05,9.479434e+05,7.734415e+05,1.021717e+06,1.103700e+06,9.074808e+05,2.351938e+05,2.126161e+05,1.511466e+04,7.462965e+03,2.258692e-04,2.211027e-04,1.567762e-04,1.155787e-02,1.898974e-02,1.746987e-01
9.250000e-01,1.450000e-01,nan,nan,nan,nan,nan,nan,nan,nan,nan,nan,nan,nan,nan,nan,nan,nan,nan,nan,nan,nan,nan,nan,nan,nan,nan
9.250000e-01,1.512222e-01,nan,nan,nan,nan,nan,nan,nan,nan,nan,nan,nan,nan,nan,nan,nan,nan,nan,nan,nan,nan,nan,nan,nan,nan,nan
9.250000e-01,1.574444e-01,nan,nan,nan,nan,nan,nan,nan,nan,nan,nan,nan,nan,nan,nan,nan,nan,nan,nan,nan,nan,nan,nan,nan,nan,nan
9.250000e-01,1.636667e-01,nan,nan,nan,nan,nan,nan,nan,nan,nan,nan,nan,nan,nan,nan,nan,nan,nan,nan,nan,nan,nan,nan,nan,nan,nan
9.250000e-01,1.698889e-01,6.060862e-01,6.060862e-01,5.166515e-01,1.698889e-01,6.692161e-02,2.636140e-02,6.692161e-02,2.636140e-02,1.274183e-02,2.440744e+05,9.253338e+05,7.459053e+05,9.991077e+05,1.076164e+06,9.533013e+05,2.247383e+05,1.999315e+05,1.387234e+04,1.093450e+04,2.197391e-04,2.137031e-04,1.682468e-04,1.194327e-02,1.998482e-02,1.809572e-01
9.250000e-01,1.761111e-01,6.068018e-01,6.068018e-01,5.148904e-01,1.761111e-01,6.924659e-02,2.722769e-02,6.924659e-02,2.722769e-02,1.320850e-02,2.440744e+05,9.540337e+05,7.734830e+05,1.027808e+06,1.103742e+06,9.669843e+05,2.393686e+05,2.144254e+05,1.440600e+04,1.053719e+04,2.275087e-04,2.207600e-04,1.720941e-04,1.154929e-02,1.939359e-02,1.765483e-01
