# Recovery,Feed Flow,Stage1 RR,Stage2 RR,Stage3 RR,Stage1 Qin (m3/s),Stage2 Qin (m3/s),Stage3 Qin (m3/s),Stage1 Pin (Pa),Stage2 Pin (Pa),Stage3 Pin (Pa),Stage1 Pout (Pa),Stage2 Pout (Pa),Stage3 Pout (Pa),Total Power (W),Stage1 Power (W),Stage2 Power (W),Stage3 Power (W),Stage1 First Elem. Prod. (m3/s),Stage2 First Elem. Prod. (m3/s),Stage3 First Elem. Prod. (m3/s),Stage1 Perm. Conc. (kg/m3),Stage2 Perm. Conc. (kg/m3),Stage3 Perm. Conc. (kg/m3)
9.000000e-01,1.666667e-01,5.917513e-01,5.917513e-01,4.000000e-01,1.666667e-01,6.804147e-02,2.777789e-02,2.440744e+05,8.921148e+05,7.308501e+05,9.658887e+05,1.061109e+06,8.038824e+05,2.070870e+05,1.873835e+05,1.564610e+04,4.057371e+03,2.107760e-04,2.109365e-04,1.307372e-04,1.219418e-02,1.902126e-02,1.785967e-01
9.000000e-01,1.690972e-01,5.917513e-01,5.917513e-01,4.000000e-01,1.690972e-01,6.903375e-02,2.818299e-02,2.440744e+05,9.026815e+05,7.417426e+05,9.764554e+05,1.072001e+06,8.092091e+05,2.123890e+05,1.926312e+05,1.595491e+04,3.802816e+03,2.136370e-04,2.137474e-04,1.323312e-04,1.203083e-02,1.876663e-02,1.762795e-01
9.000000e-01,1.715278e-01,nan,nan,nan,nan,nan,nan,nan,nan,nan,nan,nan,nan,nan,nan,nan,nan,nan,nan,nan,nan,nan,nan
9.000000e-01,1.739583e-01,nan,nan,nan,nan,nan,nan,nan,nan,nan,nan,nan,nan,nan,nan,nan,nan,nan,nan,nan,nan,nan,nan
9.000000e-01,1.763889e-01,nan,nan,nan,nan,nan,nan,nan,nan,nan,nan,nan,nan,nan,nan,nan,nan,nan,nan,nan,nan,nan,nan
9.075000e-01,1.666667e-01,5.973938e-01,5.973938e-01,4.293342e-01,1.666667e-01,6.710106e-02,2.701535e-02,2.440744e+05,8.995337e+05,7.312003e+05,9.733076e+05,1.061459e+06,8.376819e+05,2.100689e+05,1.895060e+05,1.480970e+04,5.753271e+03,2.127725e-04,2.105970e-04,1.383697e-04,1.217814e-02,1.952250e-02,1.818172e-01
9.075000e-01,1.690972e-01,5.976692e-01,5.976692e-01,4.285526e-01,1.690972e-01,6.803304e-02,2.737184e-02,2.440744e+05,9.105689e+05,7.420615e+05,9.843428e+05,1.072320e+06,8.422178e+05,2.154396e+05,1.949054e+05,1.505125e+04,5.482923e+03,2.157597e-04,2.133781e-04,1.396311e-04,1.201437e-02,1.928583e-02,1.800873e-01
9.075000e-01,1.715278e-01,5.979489e-01,5.979489e-01,4.277573e-01,1.715278e-01,6.896296e-02,2.772669e-02,2.440744e+05,9.216192e+05,7.529169e+05,9.953931e+05,1.083176e+06,8.466977e+05,2.208915e+05,2.003966e+05,1.529440e+04,5.200464e+03,2.187511e-04,2.161575e-04,1.408747e-04,1.185516e-02,1.905618e-02,1.784167e-01
9.075000e-01,1.739583e-01,5.992017e-01,5.992017e-01,4.241742e-01,1.739583e-01,6.972222e-02,2.794460e-02,2.440744e+05,9.340125e+05,7.637945e+05,1.007786e+06,1.094053e+06,8.474053e+05,2.264271e+05,2.063704e+05,1.538380e+04,4.672941e+03,2.221041e-04,2.188669e-04,1.406394e-04,1.169799e-02,1.891897e-02,1.790253e-01
9.075000e-01,1.763889e-01,6.047245e-01,6.047245e-01,4.079708e-01,1.763889e-01,6.972222e-02,2.755954e-02,2.440744e+05,9.523834e+05,7.747003e+05,1.026157e+06,1.104959e+06,8.314979e+05,2.321149e+05,2.142136e+05,1.477061e+04,3.130633e+03,2.270664e-04,2.212424e-04,1.338689e-04,1.153628e-02,1.917230e-02,1.901969e-01
9.150000e-01,1.666667e-01,6.008512e-01,6.008512e-01,4.664802e-01,1.666667e-01,6.652482e-02,2.655335e-02,2.440744e+05,9.040851e+05,7.313843e+05,9.778590e+05,1.061643e+06,8.822952e+05,2.131310e+05,1.908131e+05,1.430354e+04,8.014381e+03,2.139973e-04,2.103748e-04,1.498755e-04,1.216944e-02,1.984199e-02,1.812053e-01
9.150000e-01,1.690972e-01,6.011256e-01,6.011256e-01,4.657460e-01,1.690972e-01,6.744858e-02,2.690357e-02,2.440744e+05,9.151812e+05,7.422148e+05,9.889551e+05,1.072474e+06,8.872268e+05,2.185735e+05,1.962406e+05,1.453024e+04,7.802677e+03,2.170010e-04,2.131474e-04,1.512560e-04,1.200591e-02,1.960163e-02,1.794372e-01
9.150000e-01,1.715278e-01,6.014044e-01,6.014044e-01,4.649982e-01,1.715278e-01,6.837023e-02,2.725213e-02,2.440744e+05,9.262928e+05,7.530394e+05,1.000067e+06,1.083298e+06,8.921020e+05,2.240979e+05,2.017601e+05,1.475827e+04,7.579505e+03,2.200090e-04,2.159183e-04,1.526183e-04,1.184693e-02,1.936845e-02,1.777290e-01
9.150000e-01,1.739583e-01,6.016877e-01,6.016877e-01,4.642370e-01,1.739583e-01,6.928977e-02,2.759903e-02,2.440744e+05,9.374199e+05,7.638579e+05,1.011194e+06,1.094117e+06,8.969209e+05,2.297049e+05,2.073726e+05,1.498751e+04,7.344822e+03,2.230213e-04,2.186874e-04,1.539625e-04,1.169232e-02,1.914214e-02,1.760784e-01
9.150000e-01,1.763889e-01,6.047245e-01,6.047245e-01,4.559730e-01,1.763889e-01,6.972222e-02,2.755954e-02,2.440744e+05,9.523834e+05,7.747003e+05,1.026157e+06,1.104959e+06,8.912746e+05,2.354097e+05,2.142136e+05,1.477061e+04,6.425468e+03,2.270664e-04,2.212424e-04,1.511242e-04,1.153628e-02,1.917230e-02,1.804546e-01
9.225000e-01,1.666667e-01,6.044770e-01,6.044770e-01,5.045958e-01,1.666667e-01,6.592052e-02,2.607314e-02,2.440744e+05,9.088628e+05,7.315543e+05,9.826367e+05,1.061813e+06,9.295715e+05,2.162933e+05,1.921893e+05,1.377820e+04,1.032586e+04,2.152830e-04,2.101307e-04,1.619945e-04,1.216125e-02,2.018761e-02,1.825061e-01
9.225000e-01,1.690972e-01,6.047478e-01,6.047478e-01,5.039166e-01,1.690972e-01,6.683606e-02,2.641715e-02,2.440744e+05,9.200196e+05,7.423517e+05,9.937935e+05,1.072611e+06,9.349027e+05,2.218085e+05,1.976454e+05,1.398986e+04,1.017330e+04,2.183032e-04,2.128943e-04,1.634961e-04,1.199796e-02,1.994304e-02,1.806805e-01
9.225000e-01,1.715278e-01,6.050236e-01,6.050236e-01,5.032237e-01,1.715278e-01,6.774945e-02,2.675949e-02,2.440744e+05,9.311923e+05,7.531429e+05,1.004966e+06,1.083402e+06,9.401770e+05,2.274062e+05,2.031938e+05,1.420258e+04,1.000987e+04,2.213277e-04,2.156561e-04,1.649791e-04,1.183922e-02,1.970581e-02,1.789164e-01
9.225000e-01,1.739583e-01,6.053041e-01,6.053041e-01,5.025172e-01,1.739583e-01,6.866066e-02,2.710013e-02,2.440744e+05,9.423809e+05,7.639279e+05,1.016155e+06,1.094187e+06,9.453944e+05,2.330872e+05,2.088354e+05,1.441624e+04,9.835530e+03,2.243567e-04,2.184161e-04,1.664435e-04,1.168483e-02,1.947562e-02,1.772114e-01
9.225000e-01,1.763889e-01,6.055894e-01,6.055894e-01,5.017974e-01,1.763889e-01,6.956967e-02,2.743908e-02,2.440744e+05,9.535858e+05,7.747066e+05,1.027360e+06,1.104966e+06,9.505548e+05,2.388522e+05,2.145713e+05,1.463070e+04,9.650223e+03,2.273901e-04,2.211742e-04,1.678891e-04,1.153463e-02,1.925217e-02,1.755632e-01
9.300000e-01,1.666667e-01,6.083060e-01,6.083060e-01,5.437468e-01,1.666667e-01,6.528236e-02,2.557076e-02,2.440744e+05,9.139135e+05,7.317106e+05,9.876874e+05,1.061970e+06,9.804129e+05,2.195974e+05,1.936487e+05,1.322973e+04,1.271901e+04,2.166421e-04,2.098609e-04,1.749448e-04,1.215363e-02,2.056484e-02,1.859366e-01
9.300000e-01,1.690972e-01,6.085702e-01,6.085702e-01,5.431307e-01,1.690972e-01,6.618972e-02,2.590869e-02,2.440744e+05,9.251305e+05,7.424718e+05,9.989044e+05,1.072731e+06,9.861474e+05,2.251867e+05,1.991339e+05,1.342617e+04,1.262663e+04,2.196787e-04,2.126150e-04,1.765701e-04,1.199059e-02,2.031537e-02,1.840282e-01
9.300000e-01,1.715278e-01,6.088398e-01,6.088398e-01,5.425006e-01,1.715278e-01,6.709486e-02,2.624489e-02,2.440744e+05,9.363638e+05,7.532268e+05,1.010138e+06,1.083486e+06,9.918243e+05,2.308591e+05,2.047118e+05,1.362337e+04,1.252393e+04,2.227197e-04,2.153672e-04,1.781762e-04,1.183209e-02,2.007344e-02,1.821841e-01
9.300000e-01,1.739583e-01,6.091148e-01,6.091148e-01,5.418566e-01,1.739583e-01,6.799775e-02,2.657937e-02,2.440744e+05,9.476138e+05,7.639755e+05,1.021388e+06,1.094234e+06,9.974436e+05,2.366154e+05,2.103833e+05,1.382121e+04,1.241087e+04,2.257653e-04,2.181174e-04,1.797630e-04,1.167794e-02,1.983876e-02,1.804017e-01
9.300000e-01,1.763889e-01,6.093952e-01,6.093952e-01,5.411988e-01,1.763889e-01,6.889838e-02,2.691210e-02,2.440744e+05,9.588805e+05,7.747177e+05,1.032654e+06,1.104977e+06,1.003005e+06,2.424563e+05,2.161493e+05,1.401956e+04,1.228739e+04,2.288154e-04,2.208658e-04,1.813303e-04,1.152796e-02,1.961101e-02,1.786787e-01
